timestamp,first_cell_year,was_smartphone,birth_year,generation
"2022/02/08 1:48:24 PM EST","2006","No","1998","Cusper"
"2022/02/08 2:02:52 PM EST","2003","No","1992","Millennial"
"2022/02/08 2:07:26 PM EST","2007","No","1993","Millennial"
"2022/02/08 2:16:49 PM EST","2008","No","1995","Millennial"
"2022/02/08 2:19:14 PM EST","2003","No","1989","Millennial"
"2022/02/08 2:26:36 PM EST","2004","No","1989","Millennial"
"2022/02/08 2:29:24 PM EST","2009","No","1997","Zellenial"
"2022/02/08 2:37:34 PM EST","2005","No","1988","Millennial"
"2022/02/08 2:48:39 PM EST","2005","No","1991","Millennial"
"2022/02/08 2:55:28 PM EST","2008","No","1997","Millennial"
"2022/02/08 3:00:22 PM EST","2014","No","1990","Millennial"
"2022/02/08 3:01:18 PM EST","2005","No","1993","Millennial"
"2022/02/08 3:07:44 PM EST","2005","No","1992","Millennial"
"2022/02/08 3:12:22 PM EST","2001","No","1983","Millennial"
"2022/02/08 3:20:27 PM EST","1995","No","1982","Millennial"
"2022/02/08 3:23:07 PM EST","2001","No","1984","Millennial"
"2022/02/08 3:38:30 PM EST","2008","No","1998","Zillenial or Millenial depens on where I am accepted being born 1998"
"2022/02/08 3:42:22 PM EST","2005","No","1998","Millennial"
"2022/02/08 3:45:03 PM EST","2000","No","1986","Millennial"
"2022/02/08 3:51:20 PM EST","2005","No","1992","Millennial"
"2022/02/08 3:52:49 PM EST","2006","No","1991","Millennial"
"2022/02/08 4:01:06 PM EST","2012","No","2000","Gen Z"
"2022/02/08 4:15:40 PM EST","2005","No","1992","Millennial"
"2022/02/08 4:27:14 PM EST","2001","No","1985","Millennial"
"2022/02/08 4:37:29 PM EST","2005","No","1990","Millennial"
"2022/02/08 4:49:00 PM EST","2009","Yes","1994","I relate to both."
"2022/02/08 4:52:08 PM EST","2001","No","1986","Millennial"
"2022/02/08 4:52:32 PM EST","2009","No","1998","Millennial"
"2022/02/08 4:56:15 PM EST","2009","No","1998","Millennial"
"2022/02/08 4:58:29 PM EST","2004","No","1983","Millennial"
"2022/02/08 5:08:07 PM EST","2010","No","1994","Millennial"
"2022/02/08 5:17:50 PM EST","2004","No","1992","Millennial"
"2022/02/08 5:24:51 PM EST","2003","No","1989","Millennial"
"2022/02/08 5:29:42 PM EST","2004","No","1992","Millennial"
"2022/02/08 5:32:43 PM EST","2004","No","1986","Millennial"
"2022/02/08 5:39:49 PM EST","2001","No","1993","Zillennial"
"2022/02/08 5:52:15 PM EST","2008","No","1989","Millennial"
"2022/02/08 5:54:03 PM EST","2010","Yes","1983","Millennial"
"2022/02/08 5:58:05 PM EST","2003","No","1988","Millennial"
"2022/02/08 6:16:09 PM EST","2001","No","1982","Millennial"
"2022/02/08 6:23:59 PM EST","2007","No","1999","Gen Z"
"2022/02/08 6:38:40 PM EST","2018","Yes","2008","Gen Z"
"2022/02/08 6:39:39 PM EST","2018","Yes","2007","Gen Z"
"2022/02/08 6:40:49 PM EST","2018","Yes","2004","Gen Z"
"2022/02/08 6:43:11 PM EST","2016","Yes","2003","Gen Z"
"2022/02/08 6:46:01 PM EST","2016","Yes","2005","Gen Z"
"2022/02/08 6:46:06 PM EST","2010","No","2004","Gen Z"
"2022/02/08 6:49:57 PM EST","2020","Yes","2007","Gen Z"
"2022/02/08 6:50:16 PM EST","2017","Yes","2006","Gen Z"
"2022/02/08 7:02:37 PM EST","2006","No","1994","Zillenial"
"2022/02/08 7:03:49 PM EST","2009","Yes","1992","Zillennials"
"2022/02/08 7:04:03 PM EST","2006","No","1993","Millennial"
"2022/02/08 7:08:47 PM EST","2007","No","1995","Both and neither lol"
"2022/02/08 7:12:30 PM EST","2010","No","1997","Millennial"
"2022/02/08 7:16:22 PM EST","2007","No","1997","Millennial"
"2022/02/08 7:19:15 PM EST","2010","No","1995","Millennial"
"2022/02/08 7:20:39 PM EST","2000","No","1982","Millennial"
"2022/02/08 7:23:32 PM EST","2009","No","1998","Zillennial "
"2022/02/08 7:24:07 PM EST","2012","No","1998","Zillennial "
"2022/02/08 7:26:29 PM EST","2004","No","1992","Millennial"
"2022/02/08 7:27:47 PM EST","2009","No","1998","Gen Z"
"2022/02/08 7:30:56 PM EST","2009","Yes","1996","Zillennial"
"2022/02/08 7:33:33 PM EST","2004","No","1986","Millennial"
"2022/02/08 7:35:21 PM EST","2006","No","1997","Millennial"
"2022/02/08 7:39:21 PM EST","2008","No","1994","Transition between both"
"2022/02/08 7:42:13 PM EST","2015","Yes","1998","Gen Z"
"2022/02/08 7:44:01 PM EST","2010","No","2000","Gen Z"
"2022/02/08 7:54:36 PM EST","2013","Yes","2001","Early Gen Z/Zillennial "
"2022/02/08 7:58:31 PM EST","2011","No","1999","Gen Z"
"2022/02/08 7:59:15 PM EST","2008","No","1998","Gen Z"
"2022/02/08 7:59:43 PM EST","2001","No","1982","Millennial"
"2022/02/08 8:00:28 PM EST","2005","No","1995","Gen Z"
"2022/02/08 8:13:03 PM EST","2009","No","1995","Millennial"
"2022/02/08 8:14:54 PM EST","2008","Yes","2000","Gen Z"
"2022/02/08 8:20:13 PM EST","2007","No","1997","Zillennial (sort of a bs label I know but either that or a Z I guess) "
"2022/02/08 8:24:30 PM EST","2008","No","1993","Zillennial "
"2022/02/08 8:32:47 PM EST","2006","No","1996","Millennial"
"2022/02/08 8:33:55 PM EST","2007","No","1997","Zillennial "
"2022/02/08 8:35:38 PM EST","2007","No","1986","Millennial"
"2022/02/08 8:42:57 PM EST","1999","No","1977","Gen X"
"2022/02/08 8:47:26 PM EST","2003","No","1983","Millennial"
"2022/02/08 8:47:56 PM EST","2016","Yes","1995","Millennial"
"2022/02/08 8:54:52 PM EST","2010","No","1996","Millennial"
"2022/02/08 8:59:32 PM EST","2012","No","2000","Not sure, I'm either the very end of one or the very beginning of another."
"2022/02/08 9:01:58 PM EST","2010","No","1999","A bit of both"
"2022/02/08 9:02:31 PM EST","2004","No","1987","Millennial"
"2022/02/08 9:02:55 PM EST","2004","No","1982","Xennial"
"2022/02/08 9:05:55 PM EST","2009","No","1991","Millennial"
"2022/02/08 9:05:56 PM EST","2006","No","1986","Millennial"
"2022/02/08 9:11:05 PM EST","2005","No","1990","Millennial"
"2022/02/08 9:12:43 PM EST","2016","Yes","2005","Gen Z"
"2022/02/08 9:14:38 PM EST","2002","No","1990","Millennial"
"2022/02/08 9:16:41 PM EST","2001","No","1983","Millennial"
"2022/02/08 9:20:04 PM EST","2005","No","1997","Gen Z"
"2022/02/08 9:22:26 PM EST","1997","No","1981","Millennial"
"2022/02/08 9:24:09 PM EST","2019","Yes","2003","Gen Z"
"2022/02/08 9:24:17 PM EST","1997","No","1980","Xennial "
"2022/02/08 9:24:27 PM EST","2012","No","1965","x gen"
"2022/02/08 9:25:54 PM EST","2008","No","1997","Millennial"
"2022/02/08 9:27:34 PM EST","2006","No","1999","Zillennial"
"2022/02/08 9:30:59 PM EST","2000","No","1982","Millennial"
"2022/02/08 9:31:55 PM EST","2016","Yes","2006","Gen Z"
"2022/02/08 9:37:14 PM EST","2002","No","1980","Xenial"
"2022/02/08 9:39:32 PM EST","1999","No","1980","Gen Z"
"2022/02/08 9:40:40 PM EST","2004","No","1993","Millennial"
"2022/02/08 9:43:05 PM EST","2011","No","1997","Zillennial"
"2022/02/08 9:43:11 PM EST","2001","No","1982","Millennial"
"2022/02/08 9:46:34 PM EST","1996","No","1979","Gen Z"
"2022/02/08 9:50:25 PM EST","2004","No","1989","Millennial"
"2022/02/08 9:50:44 PM EST","2013","Yes","2003","Gen Z"
"2022/02/08 9:50:44 PM EST","2016","Yes","2004","Gen Z"
"2022/02/08 9:51:42 PM EST","2012","No","1996","Zillennial"
"2022/02/08 9:52:48 PM EST","2001","No","1982","Xennial"
"2022/02/08 9:55:53 PM EST","2017","Yes","2004","Gen Z"
"2022/02/08 9:56:23 PM EST","2001","No","1983","Millennial"
"2022/02/08 9:57:04 PM EST","2000","No","1986","Millennial"
"2022/02/08 9:57:24 PM EST","2008","No","1996","Gen Z"
"2022/02/08 9:58:31 PM EST","2001","No","1983","Millennial"
"2022/02/08 10:03:54 PM EST","2003","No","1985","Gen Z"
"2022/02/08 10:11:16 PM EST","2012","No","1995","Millennial"
"2022/02/08 10:11:59 PM EST","2013","No","1996","Millennial"
"2022/02/08 10:20:47 PM EST","2008","No","1991","Millennial"
"2022/02/08 10:22:20 PM EST","2005","No","1988","Millennial"
"2022/02/08 10:27:43 PM EST","2003","No","1988","Millennial"
"2022/02/08 10:39:45 PM EST","2005","No","1992","Millennial"
"2022/02/08 10:43:37 PM EST","2014","No","1999","Bit of both"
"2022/02/08 10:48:29 PM EST","2006","No","1995","Millennial"
"2022/02/08 10:48:33 PM EST","2009","No","1997","Both, more towards gen z"
"2022/02/08 10:51:53 PM EST","2010","No","1999","Millennial-Leaning Zillennial"
"2022/02/08 10:56:26 PM EST","2008","No","1998","Gen Z"
"2022/02/08 10:56:34 PM EST","2010","No","1997","“Zillenial.” “Officially” Gen Z, but I feel more like a Millennial. "
"2022/02/08 11:07:49 PM EST","2012","No","1997","Gen Z"
"2022/02/08 11:11:27 PM EST","2005","No","1990","Millennial"
"2022/02/08 11:13:10 PM EST","2007","No","1995","Hybrid zillennial"
"2022/02/08 11:28:00 PM EST","2010","No","1998","Gen Z"
"2022/02/08 11:28:10 PM EST","2008","No","1990","Millennial"
"2022/02/08 11:28:48 PM EST","2005","No","1985","Millennial"
"2022/02/08 11:42:59 PM EST","2008","No","1995","Zillenial"
"2022/02/08 11:49:38 PM EST","2005","No","1993","Millennial"
"2022/02/08 11:55:01 PM EST","2013","Yes","1999","Zillennial"
"2022/02/08 11:56:15 PM EST","2003","No","1986","Millennial"
"2022/02/08 11:56:30 PM EST","2003","No","1996","Gen Z"
"2022/02/09 12:21:12 AM EST","2013","No","2001","Gen Z"
"2022/02/09 12:25:00 AM EST","2018","Yes","2006","None of above"
"2022/02/09 12:50:53 AM EST","2012","No","1999","Gen Z"
"2022/02/09 1:06:40 AM EST","2006","Yes","1993","Millennial"
"2022/02/09 1:35:25 AM EST","2015","Yes","2003","Gen Z"
"2022/02/09 1:41:13 AM EST","2002","No","1985","Millennial"
"2022/02/09 1:49:19 AM EST","2006","No","1994","Millennial"
"2022/02/09 1:57:28 AM EST","2005","No","1990","Millennial"
"2022/02/09 2:13:24 AM EST","2004","No","1994","Gen Z"
"2022/02/09 2:14:33 AM EST","2020","Yes","2008","Gen Z"
"2022/02/09 2:44:57 AM EST","2013","No","1996","Millennial"
"2022/02/09 3:01:08 AM EST","2009","No","1995","Zillennial "
"2022/02/09 3:16:39 AM EST","2004","No","1992","Millennial"
"2022/02/09 3:20:25 AM EST","2009","No","1985","Millennial"
"2022/02/09 3:26:07 AM EST","2008","No","1999","Gen Z"
"2022/02/09 3:26:34 AM EST","2010","Yes","1996","Core Zillenial"
"2022/02/09 3:28:53 AM EST","2009","No","1998","Zillennial"
"2022/02/09 4:00:01 AM EST","2013","No","1998","Millennial"
"2022/02/09 4:01:23 AM EST","2008","No","1996","Millennial"
"2022/02/09 4:13:21 AM EST","2011","Yes","1997","Millennial"
"2022/02/09 4:48:38 AM EST","2013","No","2001","Gen Z"
"2022/02/09 4:49:26 AM EST","2003","No","1995","Millennial"
"2022/02/09 5:04:46 AM EST","1998","No","1981","Xennial"
"2022/02/09 6:01:03 AM EST","1995","No","1981","Gen X, also don't know if it's useful to your research, but still today I use a Motorola Razer v3 flip-phone from 2003 and refuse to use a smartphone (filling this survey from my office tablet)"
"2022/02/09 6:07:26 AM EST","2010","No","1993","Millennial"
"2022/02/09 6:21:50 AM EST","2004","No","1992","Millennial"
"2022/02/09 6:39:23 AM EST","2017","Yes","2004","Gen Z"
"2022/02/09 7:09:16 AM EST","1999","No","1981","Xennial"
"2022/02/09 7:31:38 AM EST","2002","No","1986","Millennial"
"2022/02/09 8:32:50 AM EST","2009","No","1995","Millennial"
"2022/02/09 8:49:33 AM EST","2003","No","1985","Millennial"
"2022/02/09 8:58:18 AM EST","2006","No","1992","Millennial"
"2022/02/09 9:13:21 AM EST","2000","No","1985","Millennial"
"2022/02/09 9:17:34 AM EST","2002","No","1984","Millennial"
"2022/02/09 9:43:34 AM EST","2009","No","1997","I have no idea honestly"
"2022/02/09 10:32:20 AM EST","2009","No","1996","Millennial"
"2022/02/09 10:35:26 AM EST","2005","No","1997","Gen Z"
"2022/02/09 10:37:01 AM EST","2007","Yes","1991","Millennial"
"2022/02/09 10:38:09 AM EST","2009","Yes","1991","Millennial"
"2022/02/09 10:51:55 AM EST","2005","No","1992","Millennial"
"2022/02/09 10:55:07 AM EST","2013","No","2002","Gen Z"
"2022/02/09 11:01:39 AM EST","2002","No","1985","Millennial"
"2022/02/09 11:43:46 AM EST","2010","No","1998","Zillennial/Cusper"
"2022/02/09 12:11:00 PM EST","2005","No","1994","Millennial"
"2022/02/09 12:13:14 PM EST","2013","No","2002","Gen Z"
"2022/02/09 12:15:13 PM EST","2005","No","1990","Millennial"
"2022/02/09 12:16:15 PM EST","2005","No","1988","Millennial"
"2022/02/09 12:34:47 PM EST","2003","No","1988","Millennial"
"2022/02/09 12:52:40 PM EST","2007","No","1991","Millennial"
"2022/02/09 12:52:58 PM EST","2000","No","1985","Millennial"
"2022/02/09 12:57:11 PM EST","2008","No","1996","Millennial"
"2022/02/09 12:57:39 PM EST","2014","No","1999","Gen Z"
"2022/02/09 12:58:50 PM EST","2012","Yes","2000","Gen Z"
"2022/02/09 12:59:15 PM EST","2003","No","1992","Millennial"
"2022/02/09 1:04:41 PM EST","2004","No","1987","Millennial"
"2022/02/09 1:06:13 PM EST","2010","Yes","1996","Millennial"
"2022/02/09 1:06:28 PM EST","2009","No","2001","On the cusp of both millennial and gen z, technically gen z i think"
"2022/02/09 1:10:16 PM EST","2012","No","2001","Gen Z"
"2022/02/09 1:12:38 PM EST","2011","Yes","1999","Gen Z"
"2022/02/09 1:13:05 PM EST","2013","Yes","1999","Gen Z"
"2022/02/09 1:15:12 PM EST","2006","No","1999","Gen Z"
"2022/02/09 1:15:15 PM EST","2007","No","1990","Millennial"
"2022/02/09 1:18:22 PM EST","2011","No","2000","Gen Z"
"2022/02/09 1:18:51 PM EST","2007","No","1999","Gen Z"
"2022/02/09 1:19:39 PM EST","2014","Yes","2002","Gen Z"
"2022/02/09 1:20:50 PM EST","2013","Yes","2000","Millennial"
"2022/02/09 1:22:26 PM EST","2010","No","1999","I don't know"
"2022/02/09 1:22:34 PM EST","2012","Yes","1998","Gen Z"
"2022/02/09 1:23:45 PM EST","2011","Yes","1998","Millennial"
"2022/02/09 1:24:24 PM EST","2012","No","2001","Gen Z"
"2022/02/09 1:25:42 PM EST","1999","No","1973","Gen X"
"2022/02/09 1:26:19 PM EST","2004","No","1989","Millennial"
"2022/02/09 1:30:31 PM EST","2010","No","2000","Gen Z"
"2022/02/09 1:33:20 PM EST","2006","No","1988","Millennial"
"2022/02/09 1:40:45 PM EST","2007","No","1991","Millennial"
"2022/02/09 1:47:03 PM EST","2007","No","1988","Millennial"
"2022/02/09 1:47:10 PM EST","2009","No","1998","Zillennial"
"2022/02/09 1:47:25 PM EST","2008","No","2001","Gen Z"
"2022/02/09 1:55:28 PM EST","2016","Yes","2003","Gen Z"
"2022/02/09 1:57:30 PM EST","2008","No","1994","Millennial"
"2022/02/09 2:02:01 PM EST","2019","Yes","2006","Gen Z"
"2022/02/09 2:06:06 PM EST","2006","No","1991","Millennial"
"2022/02/09 2:12:46 PM EST","2002","No","1985","Millennial"
"2022/02/09 2:13:04 PM EST","2018","Yes","2004","Gen Z"
"2022/02/09 2:20:17 PM EST","2012","No","1999","Gen Z"
"2022/02/09 2:21:31 PM EST","2013","Yes","2004","Gen Z"
"2022/02/09 2:21:51 PM EST","2004","No","1989","Millennial"
"2022/02/09 2:21:53 PM EST","2003","No","1987","Millennial"
"2022/02/09 2:37:30 PM EST","2016","Yes","2003","Gen Z"
"2022/02/09 2:40:11 PM EST","2015","No","2001","Gen Z"
"2022/02/09 2:42:55 PM EST","2006","No","1996","Millennial"
"2022/02/09 2:47:27 PM EST","2016","Yes","2001","Gen Z"
"2022/02/09 2:49:25 PM EST","2008","No","1994","Millennial"
"2022/02/09 2:50:05 PM EST","2006","No","1987","Millennial"
"2022/02/09 2:51:28 PM EST","2004","No","1990","Millennial"
"2022/02/09 2:52:44 PM EST","2007","No","1994","Both"
"2022/02/09 2:52:46 PM EST","2013","No","2000","Gen Z"
"2022/02/09 2:55:51 PM EST","2014","No","1998","Gen Z"
"2022/02/09 2:56:11 PM EST","2006","No","1996","Millennial"
"2022/02/09 2:57:06 PM EST","2010","No","1997","Gen Z"
"2022/02/09 3:00:53 PM EST","2015","Yes","2001","Gen Z"
"2022/02/09 3:01:09 PM EST","2018","Yes","2006","Gen Z"
"2022/02/09 3:01:27 PM EST","2003","No","1983","Millennial"
"2022/02/09 3:04:28 PM EST","2001","No","1981","Millennial"
"2022/02/09 3:04:37 PM EST","2013","Yes","1999","Millennial"
"2022/02/09 3:05:23 PM EST","1996","No","1982","Gen X"
"2022/02/09 3:18:17 PM EST","2013","No","2002","Millennial"
"2022/02/09 3:19:28 PM EST","2016","Yes","2007","Gen Z"
"2022/02/09 3:20:53 PM EST","2008","No","1996","Millennial"
"2022/02/09 3:22:36 PM EST","2009","No","1992","Millennial"
"2022/02/09 3:24:15 PM EST","2004","No","1996","Millennial"
"2022/02/09 3:25:02 PM EST","2005","No","1992","Millennial"
"2022/02/09 3:25:33 PM EST","2016","Yes","2000","Gen Z"
"2022/02/09 3:27:55 PM EST","2007","No","1998","Gen Z"
"2022/02/09 3:32:39 PM EST","2012","No","1999","Gen Z"
"2022/02/09 3:34:40 PM EST","2015","Yes","2003","Gen Z"
"2022/02/09 3:35:23 PM EST","2013","No","1999","Gen Z"
"2022/02/09 3:36:08 PM EST","2006","No","1997","Gen Z"
"2022/02/09 3:45:59 PM EST","2015","Yes","2004","Gen Z"
"2022/02/09 3:47:38 PM EST","2013","Yes","2000","Gen Z"
"2022/02/09 3:54:12 PM EST","2007","No","1995","Millennial"
"2022/02/09 3:54:26 PM EST","2010","Yes","2000","Gen Z"
"2022/02/09 3:56:36 PM EST","2012","Yes","1997","Gen Z"
"2022/02/09 3:57:21 PM EST","2012","Yes","2000","Gen Z"
"2022/02/09 3:57:58 PM EST","2012","No","2000","Gen Z"
"2022/02/09 4:04:28 PM EST","2016","Yes","2003","Gen Z"
"2022/02/09 4:06:56 PM EST","2011","No","1999","Combination of Millennial and Z- a Zillenial If you will "
"2022/02/09 4:09:39 PM EST","2006","No","1994","Millennial"
"2022/02/09 4:12:42 PM EST","2016","Yes","2002","Gen Z"
"2022/02/09 4:16:00 PM EST","2009","No","2000","Gen Z"
"2022/02/09 4:24:07 PM EST","2002","No","1984","Millennial"
"2022/02/09 4:29:04 PM EST","2006","No","1994","Millennial"
"2022/02/09 4:30:07 PM EST","2012","No","2003","Gen Z"
"2022/02/09 4:31:56 PM EST","2016","Yes","2003","Gen Z"
"2022/02/09 4:34:13 PM EST","1998","No","1982","Millennial"
"2022/02/09 4:37:46 PM EST","2011","No","1999","Gen Z"
"2022/02/09 4:42:00 PM EST","2022","No","1999","Gen Z"
"2022/02/09 4:46:38 PM EST","2006","No","1987","Millennial"
"2022/02/09 4:48:22 PM EST","2005","No","1988","Millennial"
"2022/02/09 4:54:42 PM EST","2007","No","1997","Millennial"
"2022/02/09 4:57:45 PM EST","2005","No","1996","Millennial"
"2022/02/09 4:58:37 PM EST","2011","No","2000","Gen Z"
"2022/02/09 5:01:10 PM EST","2007","No","1995","Millennial"
"2022/02/09 5:01:44 PM EST","2014","No","1998","Gen Z"
"2022/02/09 5:08:53 PM EST","2004","No","1989","Millennial"
"2022/02/09 5:11:44 PM EST","2001","No","1983","Millennial"
"2022/02/09 5:12:30 PM EST","2012","No","1999","Gen Z"
"2022/02/09 5:14:16 PM EST","2007","No","1990","Millennial"
"2022/02/09 5:15:01 PM EST","2006","No","1992","Millennial"
"2022/02/09 5:17:07 PM EST","2012","Yes","1999","Gen Z"
"2022/02/09 5:18:51 PM EST","1993","No","1970","Child of the 80s"
"2022/02/09 5:21:39 PM EST","2018","No","2006","Gen Z"
"2022/02/09 5:27:22 PM EST","2012","No","2001","Gen Z"
"2022/02/09 5:31:00 PM EST","2010","No","1999","Gen Z"
"2022/02/09 5:32:11 PM EST","2010","No","2000","Gen Z"
"2022/02/09 5:36:03 PM EST","2013","Yes","2002","Gen Z"
"2022/02/09 5:39:52 PM EST","2017","Yes","2003","Gen Z"
"2022/02/09 5:43:12 PM EST","2009","No","1999","Gen Z"
"2022/02/09 5:43:25 PM EST","2015","Yes","2003","Gen Z"
"2022/02/09 5:43:32 PM EST","2010","No","1998","Millennial"
"2022/02/09 5:46:26 PM EST","2007","No","1994","Millennial"
"2022/02/09 5:48:55 PM EST","2015","Yes","2004","Gen Z"
"2022/02/09 5:51:04 PM EST","2010","No","1999","Gen Z"
"2022/02/09 5:53:19 PM EST","2011","Yes","1996","Millennial"
"2022/02/09 5:56:48 PM EST","2012","Yes","2002","Gen Z"
"2022/02/09 5:56:54 PM EST","2013","No","1998","Gen Z"
"2022/02/09 5:58:51 PM EST","2009","No","1995","Millennial"
"2022/02/09 5:59:26 PM EST","2013","No","2002","Gen Z"
"2022/02/09 6:04:20 PM EST","2015","Yes","1998","Gen Z"
"2022/02/09 6:06:05 PM EST","2008","No","1997","Gen Z"
"2022/02/09 6:08:12 PM EST","2014","Yes","2002","Gen Z"
"2022/02/09 6:08:13 PM EST","2015","Yes","2000","Gen Z"
"2022/02/09 6:29:05 PM EST","2009","No","1994","Millennial"
"2022/02/09 6:32:18 PM EST","2008","No","1998","Gen Z"
"2022/02/09 6:34:03 PM EST","2008","No","1997","Millennial"
"2022/02/09 6:39:28 PM EST","2011","No","2000","Gen Z"
"2022/02/09 6:40:30 PM EST","2017","Yes","2001","Gen Z"
"2022/02/09 6:45:04 PM EST","2014","Yes","2005","Gen Z"
"2022/02/09 6:46:46 PM EST","2005","No","1991","Millennial"
"2022/02/09 6:49:44 PM EST","2015","Yes","2004","Gen Z"
"2022/02/09 6:50:34 PM EST","2010","Yes","1996","Gen Z"
"2022/02/09 6:50:51 PM EST","2012","Yes","1996","Gen Z"
"2022/02/09 6:50:53 PM EST","2012","Yes","1996","Gen Z"
"2022/02/09 6:51:11 PM EST","2009","Yes","1995","Gen Z"
"2022/02/09 6:51:30 PM EST","2009","Yes","1995","Gen Z"
"2022/02/09 6:51:44 PM EST","2010","Yes","1996","Gen Z"
"2022/02/09 6:51:56 PM EST","2014","Yes","1996","Gen Z"
"2022/02/09 6:51:58 PM EST","2011","Yes","1996","Millennial"
"2022/02/09 6:52:01 PM EST","2008","No","1996","Gen Z"
"2022/02/09 6:53:15 PM EST","2002","No","1983","Millennial"
"2022/02/09 6:54:22 PM EST","2005","No","1990","Millennial"
"2022/02/09 7:00:27 PM EST","2022","Yes","2008","Gen Z"
"2022/02/09 7:02:47 PM EST","2007","No","1994","Millennial"
"2022/02/09 7:03:47 PM EST","2013","Yes","2002","Millennial"
"2022/02/09 7:10:10 PM EST","2015","Yes","2001","Gen Z"
"2022/02/09 7:11:28 PM EST","2008","No","2003","I say other, because I claim 84/85-99 millennial 00-04 Zillennial and 2005-20** Zoomer"
"2022/02/09 7:25:53 PM EST","2006","No","1999","Gen Z"
"2022/02/09 7:27:22 PM EST","2001","No","1986","Millennial"
"2022/02/09 7:40:16 PM EST","2007","No","1994","Millennial"
"2022/02/09 7:41:05 PM EST","2005","No","1986","Millennial"
"2022/02/09 7:42:20 PM EST","1999","No","1969","Gen X"
"2022/02/09 7:42:57 PM EST","2011","Yes","2000","Gen Z"
"2022/02/09 7:46:49 PM EST","2015","No","2002","Gen Z"
"2022/02/09 8:00:09 PM EST","2008","No","1997","Millennial"
"2022/02/09 8:02:29 PM EST","2003","No","1988","Millennial"
"2022/02/09 8:07:04 PM EST","2015","Yes","2000","Gen Z"
"2022/02/09 8:07:40 PM EST","2008","No","1993","Millennial"
"2022/02/09 8:09:11 PM EST","2017","No","2006","Gen Z"
"2022/02/09 8:10:35 PM EST","2009","No","1998","Gen Z"
"2022/02/09 8:10:52 PM EST","2015","Yes","1999","Gen Z"
"2022/02/09 8:13:34 PM EST","2011","No","2000","Gen Z"
"2022/02/09 8:14:23 PM EST","2019","Yes","2002","Gen Z"
"2022/02/09 8:15:46 PM EST","2007","Yes","2002","no idea"
"2022/02/09 8:16:01 PM EST","2013","No","2002","Gen Z"
"2022/02/09 8:16:23 PM EST","2003","No","1988","Millennial"
"2022/02/09 8:16:23 PM EST","2008","No","2000","Zillennial"
"2022/02/09 8:20:33 PM EST","2012","No","2003","Gen Z"
"2022/02/09 8:23:20 PM EST","2013","No","1999","Gen Z"
"2022/02/09 8:24:46 PM EST","2010","No","1997","Millennial"
"2022/02/09 8:29:59 PM EST","2013","Yes","2000","Gen Z"
"2022/02/09 8:31:02 PM EST","2009","No","2000","Gen Z"
"2022/02/09 8:36:09 PM EST","2013","Yes","2003","Gen Z"
"2022/02/09 8:38:08 PM EST","2017","Yes","2005","Gen Z"
"2022/02/09 8:40:36 PM EST","2019","Yes","2007","Gen Z"
"2022/02/09 8:40:45 PM EST","2009","No","1998","Gen Z"
"2022/02/09 8:41:11 PM EST","2008","No","1995","Millennial"
"2022/02/09 8:41:38 PM EST","2010","No","2000","Zillennial"
"2022/02/09 8:42:34 PM EST","2005","No","1991","Millennial"
"2022/02/09 8:45:35 PM EST","2008","No","1995","Millennial"
"2022/02/09 8:45:50 PM EST","2019","Yes","2008","Gen Z"
"2022/02/09 8:48:26 PM EST","2001","No","1979","Gen x"
"2022/02/09 8:50:05 PM EST","2013","No","1999","Zillennial"
"2022/02/09 8:53:55 PM EST","2005","No","1994","Millennial"
"2022/02/09 8:55:10 PM EST","2000","No","1981","Unknown "
"2022/02/09 8:57:50 PM EST","2008","No","1995","Millennial"
"2022/02/09 9:03:04 PM EST","2008","No","1996","Gen Z"
"2022/02/09 9:05:40 PM EST","2005","No","1988","Millennial"
"2022/02/09 9:09:30 PM EST","2006","No","1988","Millennial"
"2022/02/09 9:09:48 PM EST","2006","No","1993","Millennial"
"2022/02/09 9:13:00 PM EST","2006","No","1989","Millennial"
"2022/02/09 9:13:04 PM EST","2000","No","1990","Millennial"
"2022/02/09 9:18:43 PM EST","2010","No","1999","Gen Z"
"2022/02/09 9:19:16 PM EST","2003","No","1988","Millennial"
"2022/02/09 9:23:42 PM EST","2000","No","1984","Millennial"
"2022/02/09 9:25:10 PM EST","2009","No","1999","Gen Z"
"2022/02/09 9:25:31 PM EST","2006","No","1988","Millennial"
"2022/02/09 9:25:41 PM EST","2003","No","1990","Millennial"
"2022/02/09 9:26:02 PM EST","2011","No","2001","Gen Z"
"2022/02/09 9:26:44 PM EST","2008","No","2001","Gen Z"
"2022/02/09 9:32:25 PM EST","2018","Yes","2008","Gen Z"
"2022/02/09 9:32:26 PM EST","1998","No","1980","Gen X"
"2022/02/09 9:41:56 PM EST","2008","No","1997","Gen Z"
"2022/02/09 9:48:28 PM EST","2012","No","1999","Gen Z"
"2022/02/09 9:49:56 PM EST","2014","No","2002","Gen Z"
"2022/02/09 9:57:33 PM EST","2007","No","1993","Millennial"
"2022/02/09 10:04:18 PM EST","2009","No","1998","Gen Z"
"2022/02/09 10:04:47 PM EST","2005","No","1992","Millennial"
"2022/02/09 10:09:07 PM EST","2011","No","1997","Millennial"
"2022/02/09 10:09:21 PM EST","2003","No","1989","Millennial"
"2022/02/09 10:11:25 PM EST","2003","No","1989","Millennial"
"2022/02/09 10:17:36 PM EST","2008","No","1998","Gen Z"
"2022/02/09 10:21:12 PM EST","2005","No","1990","Millennial"
"2022/02/09 10:32:39 PM EST","2015","Yes","2006","Gen Z"
"2022/02/09 10:34:35 PM EST","2011","No","1999","Gen Z"
"2022/02/09 10:46:20 PM EST","2011","No","1998","Gen Z"
"2022/02/09 10:46:42 PM EST","2010","No","1999","That thing between the two"
"2022/02/09 10:50:39 PM EST","2011","No","1999","Gen Z"
"2022/02/09 10:54:34 PM EST","2013","No","2005","Gen Z"
"2022/02/09 11:00:26 PM EST","2015","Yes","2002","Gen Z"
"2022/02/09 11:06:31 PM EST","2011","No","1999","Gen Z"
"2022/02/09 11:08:19 PM EST","2007","No","1998","Millennial"
"2022/02/09 11:08:33 PM EST","2006","No","1993","Millennial"
"2022/02/09 11:10:44 PM EST","2010","No","1995","Millennial"
"2022/02/09 11:11:44 PM EST","2015","Yes","1998","Gen Z"
"2022/02/09 11:11:50 PM EST","2012","No","2003","Gen Z"
"2022/02/09 11:23:32 PM EST","2008","Yes","1977","Millennial"
"2022/02/09 11:27:28 PM EST","2016","No","1998","Gen Z"
"2022/02/09 11:29:40 PM EST","2015","Yes","2005","Gen Z"
"2022/02/09 11:30:30 PM EST","2002","No","1984","Millennial"
"2022/02/09 11:31:25 PM EST","2001","No","1985","Gen Y"
"2022/02/09 11:37:19 PM EST","1997","No","1980","Gen X "
"2022/02/09 11:39:24 PM EST","2007","No","1995","Between the two "
"2022/02/09 11:46:16 PM EST","2007","No","1994","Millennial"
"2022/02/09 11:47:29 PM EST","2021","Yes","2003","Gen Z"
"2022/02/09 11:48:22 PM EST","2017","Yes","2005","Gen Z"
"2022/02/09 11:49:58 PM EST","2009","No","1999","Gen Z"
"2022/02/09 11:57:29 PM EST","2010","No","1998","Gen Z"
"2022/02/09 11:57:38 PM EST","2019","No","2006","Gen Z"
"2022/02/10 12:01:43 AM EST","2005","No","1989","Millennial"
"2022/02/10 12:13:05 AM EST","2006","No","1993","Millennial"
"2022/02/10 12:14:54 AM EST","2017","No","1999","Gen Z"
"2022/02/10 12:22:03 AM EST","2016","Yes","2001","Gen Z"
"2022/02/10 12:36:30 AM EST","2010","No","1998","Millennial"
"2022/02/10 12:38:47 AM EST","2008","No","1995","Millennial"
"2022/02/10 12:48:42 AM EST","2007","No","1999","Millennial"
"2022/02/10 1:03:15 AM EST","2009","No","1997","Gen Z"
"2022/02/10 1:11:36 AM EST","2008","No","1998","Gen Z"
"2022/02/10 1:16:40 AM EST","2007","No","1994","Millennial"
"2022/02/10 1:22:33 AM EST","2011","No","2000","Gen Z"
"2022/02/10 1:35:12 AM EST","2015","Yes","2001","Gen Z"
"2022/02/10 1:43:27 AM EST","2016","Yes","2002","Gen Z"
"2022/02/10 1:46:02 AM EST","2013","Yes","1999","Gen Z"
"2022/02/10 1:55:16 AM EST","2020","No","2008","Gen Z"
"2022/02/10 2:10:07 AM EST","2005","No","1996","Millennial"
"2022/02/10 2:14:31 AM EST","2005","No","1988","Millennial"
"2022/02/10 2:17:37 AM EST","2013","No","2004","Gen Z"
"2022/02/10 2:22:30 AM EST","2008","No","2001","Gen Z"
"2022/02/10 2:26:40 AM EST","2015","Yes","2001","Gen Z"
"2022/02/10 2:31:00 AM EST","2017","Yes","2007","Gen Z"
"2022/02/10 4:03:03 AM EST","2007","No","1994","Millennial"
"2022/02/10 4:45:09 AM EST","2003","No","1988","Millennial"
"2022/02/10 5:04:21 AM EST","2005","No","1990","Millennial"
"2022/02/10 5:17:00 AM EST","2011","Yes","1999","Gen Z"
"2022/02/10 5:17:08 AM EST","2005","No","1993","Millennial"
"2022/02/10 6:05:26 AM EST","2009","No","1991","Millennial"
"2022/02/10 6:17:56 AM EST","2009","No","1999","Gen Z"
"2022/02/10 6:30:05 AM EST","2011","No","1998","Gen Z"
"2022/02/10 6:56:36 AM EST","2011","Yes","1994","Millennial"
"2022/02/10 7:04:23 AM EST","2006","No","1994","Millennial"
"2022/02/10 7:05:48 AM EST","2002","No","1985","Millennial"
"2022/02/10 7:07:19 AM EST","2009","No","1999","Gen Z"
"2022/02/10 7:15:40 AM EST","2008","Yes","2000","Gen Z"
"2022/02/10 7:17:57 AM EST","2009","No","1997","Gen Z"
"2022/02/10 7:59:33 AM EST","2011","No","1999","Gen Z"
"2022/02/10 8:00:11 AM EST","2014","Yes","2004","Gen Z"
"2022/02/10 8:00:13 AM EST","2011","No","2000","Gen Z"
"2022/02/10 8:00:28 AM EST","2015","Yes","2006","Ur mom"
"2022/02/10 8:12:23 AM EST","2006","No","1994","Millennial"
"2022/02/10 8:16:57 AM EST","2009","No","1999","Millennial"
"2022/02/10 8:38:00 AM EST","2010","No","1996","Millennial"
"2022/02/10 8:41:28 AM EST","2005","No","1997","Gen Z"
"2022/02/10 8:44:36 AM EST","2011","No","2000","Gen Z"
"2022/02/10 8:47:55 AM EST","2012","Yes","1995","Millennial"
"2022/02/10 8:48:54 AM EST","2010","No","2000","Gen Z"
"2022/02/10 9:00:37 AM EST","2016","Yes","2004","Gen Z"
"2022/02/10 9:16:34 AM EST","2012","No","2000","Gen Z"
"2022/02/10 9:22:30 AM EST","2013","Yes","2003","Gen Z"
"2022/02/10 9:25:42 AM EST","1996","No","1963","and of the boomers"
"2022/02/10 9:46:40 AM EST","2002","No","1983","Millennial"
"2022/02/10 10:09:50 AM EST","2014","No","2001","Gen Z"
"2022/02/10 10:15:26 AM EST","2014","No","2000","Gen Z"
"2022/02/10 10:21:18 AM EST","2006","No","1994","Millennial"
"2022/02/10 10:23:32 AM EST","2000","No","1980","Gen x"
"2022/02/10 10:27:29 AM EST","2012","Yes","2001","Gen Z"
"2022/02/10 10:29:20 AM EST","2009","No","1993","Millennial"
"2022/02/10 10:33:55 AM EST","2012","Yes","2000","Gen Z"
"2022/02/10 10:38:38 AM EST","2013","Yes","2000","Gen Z"
"2022/02/10 10:40:14 AM EST","2013","No","2000","Gen Z"
"2022/02/10 10:44:01 AM EST","1998","No","1979","Millennial"
"2022/02/10 11:02:34 AM EST","2002","No","1988","Millennial"
"2022/02/10 11:08:06 AM EST","2012","No","1999","Gen Z"
"2022/02/10 11:47:52 AM EST","2014","Yes","2001","something between millennials and gen z"
"2022/02/10 12:10:52 PM EST","2011","No","1995","Millennial"
"2022/02/10 12:24:29 PM EST","2014","Yes","2005","Gen Z"
"2022/02/10 12:29:17 PM EST","2011","No","2000","Gen Z"
"2022/02/10 12:51:30 PM EST","2011","No","1999","Gen Z"
"2022/02/10 12:58:36 PM EST","2013","Yes","1999","Gen Z"
"2022/02/10 12:59:47 PM EST","1996","No","1970","X"
"2022/02/10 1:48:51 PM EST","2018","Yes","2007","Gen Z"
"2022/02/10 2:02:19 PM EST","2015","Yes","2004","Gen Z"
"2022/02/10 2:04:36 PM EST","1998","No","1972","Gen X"
"2022/02/10 2:55:30 PM EST","2005","No","1991","Millennial"
"2022/02/10 3:22:40 PM EST","2015","No","2008","Gen Z"
"2022/02/10 3:33:42 PM EST","2013","No","2000","Gen Z"
"2022/02/10 3:52:57 PM EST","2013","Yes","2001","Gen Z"
"2022/02/10 4:27:24 PM EST","2006","No","1996","Millennial"
"2022/02/10 4:52:11 PM EST","2013","Yes","1998","Millennial"